{
  "$schema": "./node_modules/nx/schemas/nx-schema.json",
  "npmScope": "zworkspace",
  "affected": {
    "defaultBase": "master"
  },
  "cli": {
    "packageManager": "npm"
  },
  "implicitDependencies": {
    "package.json": {
      "dependencies": "*",
      "devDependencies": "*"
    },
    ".eslintrc.json": "*"
  },
  "tasksRunnerOptions": {
    "default": {
      "runner": "nx/tasks-runners/default",
      "options": {
        "cacheableOperations": [
          "build",
          "lint",
          "test",
          "e2e"
        ]
      }
    }
  },
  "targetDefaults": {
    "build": {
      "dependsOn": [
        "^build"
      ]
    }
  },
  "generators": {
    "@nrwl/angular:application": {
      "style": "scss",
      "linter": "eslint",
      "unitTestRunner": "jest",
      "e2eTestRunner": "cypress"
    },
    "@nrwl/angular:library": {
      "linter": "eslint",
      "unitTestRunner": "jest"
    },
    "@nrwl/angular:component": {
      "style": "scss"
    }
  },
  "defaultProject": "zgridster"
}
